{"ru_utime" : 0.010998, "ru_stime" : 0.001000, "ru_nvcsw" : 18, "ru_nivcsw" : 6, "realtime" : 0.010471}