{"ru_utime" : 0.019997, "ru_stime" : 0.000000, "ru_nvcsw" : 8, "ru_nivcsw" : 3, "realtime" : 0.019085}