{"ru_utime" : 0.002999, "ru_stime" : 0.010998, "ru_nvcsw" : 1586, "ru_nivcsw" : 0, "realtime" : 0.010305}