{"ru_utime" : 64.942128, "ru_stime" : 0.363945, "ru_nvcsw" : 408, "ru_nivcsw" : 79, "realtime" : 65.305434}