{"ru_utime" : 2.500619, "ru_stime" : 0.000000, "ru_nvcsw" : 1, "ru_nivcsw" : 3, "realtime" : 2.500820}