{"ru_utime" : 0.018997, "ru_stime" : 0.000000, "ru_nvcsw" : 8, "ru_nivcsw" : 2, "realtime" : 0.018941}