{"ru_utime" : 0.000000, "ru_stime" : 0.000999, "ru_nvcsw" : 116, "ru_nivcsw" : 0, "realtime" : 0.000610}