{"ru_utime" : 1.728737, "ru_stime" : 0.006000, "ru_nvcsw" : 17, "ru_nivcsw" : 5, "realtime" : 1.736046}